CODCOMPRA,ITEM,CODPROD,VALORCOMPRA,VALORVENDA,PRODESP,PRECOCUSTO,VALORTOTAL,DESCONTO,IMPOSTO,FRETE,DESPESA,CREDICMS,MES,LANCADO,DELETADO,CODLANCENT,ESTORNADO,LUCRO,OUTROS,ETIQUETA,PRECOAVISTA,PRECOANTERIOR,DESCAVISTA,IDREMESSA,GRADE,MARGEMLUCRO,IPI,ICMS_ENTRADA,ICMS_SAIDA,SIT_TRIBUTARIA,BASEICMS,BASEICMS_SUB,VALICMS_SUB,NCM,ICMS_GARANTIDO,VALORICMS,CFOP,REG50_OUTRAS,REG50_ISENTA,PIS_VBC,PIS_PPIS,COFINS_VBC,COFINS_PCOFINS,ICMS_PRED_BC,ICMSSN,MODBCST,PMVAST,PREDBCST,PCREDSN,VBCSTRET,VICMSSTRET,MODBC_ICMS,PICMSST,ICMSSUB_PREDBCST,PIS_BASE,COFINS_BASE,PIS_CST,COFINS_CST,IND_MOVFISICA,CUSTOMEDIO,QUANT_SEG,QUANTIDADE,CUSTO_ICMSSUB,BONIFICACAO,MARGEM_LUCRO,CUSTOS_VARIAVEIS,PERCCUSTOS_VARIAVEL,VBCUFDEST,PFCPUFDEST,PICMSUFDEST,PICMSINTER,PICMSINTERPART,VFCPUFDEST,VICMSUFDEST,VICMSUFREMET,FUNRURAL,PRECO_ALTERADO,ORIGEM_MERCADORIA,QUANTCOMP,LOTE,FCPOBREZA,DESOSSA,ICMS_OP,V_ICMS_DIF,C_BENIFIC,PDIF,UNID_FOR,QUANT_CAIXA,USARUNID_FOR
3,1,000002,8400,8400,,8400,8400,0,0,0,0,0,05/2023,0,0,,0,0,0,0,,,,,,0,0,0,0,41,0,0,0,22021000,0,0,5102,0,0,0,0,0,0,0,,,,,,,,,,,0,0,99,99,0,,,1,,,,,,,,,,,,,,,,,,,,,,,,,,,
4,1,000003,600,600,,600,600,0,0,0,0,0,05/2023,0,0,,0,0,0,0,,,,,,0,0,0,0,41,0,0,0,22021000,0,0,5102,0,0,0,0,0,0,0,,,,,,,,,,,0,0,99,99,0,,,1,,,,,,,,,,,,,,,,,,,,,,,,,,,
5,1,000004,2000,2000,,2000,2000,0,0,0,0,0,05/2023,0,0,,0,0,0,0,,,,,,0,0,0,0,41,0,0,0,22021000,0,0,5102,0,0,0,0,0,0,0,,,,,,,,,,,0,0,99,99,0,,,1,,,,,,,,,,,,,,,,,,,,,,,,,,,
6,1,000002,8400,8400,,8400,8400,0,0,0,0,0,05/2023,0,0,,0,0,0,0,,,,,,0,0,0,0,41,0,0,0,22021000,0,0,5102,0,0,0,0,0,0,0,,,,,,,,,,,0,0,99,99,0,,,1,,,,,,,,,,,,,,,,,,,,,,,,,,,
6,2,000003,600,600,,600,600,0,0,0,0,0,05/2023,0,0,,0,0,0,0,,,,,,0,0,0,0,41,0,0,0,22021000,0,0,5102,0,0,0,0,0,0,0,,,,,,,,,,,0,0,99,99,0,,,1,,,,,,,,,,,,,,,,,,,,,,,,,,,
7,1,000006,1276.5,1276.5,,1276.5,1276.5,0,0,0,0,0,07/2023,0,0,,0,0,0,0,,,,,,0,0,0,0,41,0,0,0,,0,0,5933,0,0,0,0,0,0,0,,,,,,,,,,,0,0,99,99,0,,,1,,,,,,,,,,,,,,,,,,,,,,,,,,,
51,1,000007,4725,4725,,4725,4725,0,0,0,0,0,07/2023,0,0,,0,0,0,0,,,,,,0,0,0,0,41,0,0,0,,0,0,5933,0,0,0,0,0,0,0,,,,,,,,,,,0,0,99,99,0,,,1,,,,,,,,,,,,,,,,,,,,,,,,,,,
9,1,000004,1276.5,1276.5,,1276.5,1276.5,0,0,0,0,0,07/2023,0,0,,0,0,0,0,,,,,,0,0,0,0,41,0,0,0,22021000,0,0,5933,0,0,0,0,0,0,0,,,,,,,,,,,0,0,99,99,0,,,1,,,,,,,,,,,,,,,,,,,,,,,,,,,
52,1,000004,2518.22,2518.22,,2518.22,2518.22,0,0,0,0,0,07/2023,0,0,,0,0,0,0,,,,,,0,0,0,0,41,0,0,0,,0,0,5933,0,0,0,0,0,0,0,,,,,,,,,,,0,0,99,99,0,,,1,,,,,,,,,,,,,,,,,,,,,,,,,,,
52,2,000006,1441.21,1441.21,,1441.21,1441.21,0,0,0,0,0,07/2023,0,0,,0,0,0,0,,,,,,0,0,0,0,41,0,0,0,,0,0,5933,0,0,0,0,0,0,0,,,,,,,,,,,0,0,99,99,0,,,1,,,,,,,,,,,,,,,,,,,,,,,,,,,
53,1,000004,1797.9,1797.9,,1797.9,1797.9,0,0,0,0,0,07/2023,0,0,,0,0,0,0,,,,,,0,0,0,0,41,0,0,0,,0,0,5933,0,0,0,0,0,0,0,,,,,,,,,,,0,0,99,99,0,,,1,,,,,,,,,,,,,,,,,,,,,,,,,,,
13,1,000006,900,900,,900,900,0,0,0,0,0,06/2023,0,0,,0,0,0,0,,,,,,0,0,0,0,41,0,0,0,22021000,0,0,5933,0,0,0,0,0,0,0,,,,,,,,,,,0,0,99,99,0,,,1,,,,,,,,,,,,,,,,,,,,,,,,,,,
14,1,000006,716.33,716.33,,716.33,716.33,0,0,0,0,0,06/2023,0,0,,0,0,0,0,,,,,,0,0,0,0,41,0,0,0,22021000,0,0,5933,0,0,0,0,0,0,0,,,,,,,,,,,0,0,99,99,0,,,1,,,,,,,,,,,,,,,,,,,,,,,,,,,
15,1,000004,733.8,733.8,,733.8,733.8,0,0,0,0,0,06/2023,0,0,,0,0,0,0,,,,,,0,0,0,0,41,0,0,0,22021000,0,0,5933,0,0,0,0,0,0,0,,,,,,,,,,,0,0,99,99,0,,,1,,,,,,,,,,,,,,,,,,,,,,,,,,,
15,2,000006,414.49,414.49,,414.49,414.49,0,0,0,0,0,06/2023,0,0,,0,0,0,0,,,,,,0,0,0,0,41,0,0,0,22021000,0,0,5933,0,0,0,0,0,0,0,,,,,,,,,,,0,0,99,99,0,,,1,,,,,,,,,,,,,,,,,,,,,,,,,,,
16,1,000004,3064.92,3064.92,,3064.92,3064.92,0,0,0,0,0,06/2023,0,0,,0,0,0,0,,,,,,0,0,0,0,41,0,0,0,22021000,0,0,5933,0,0,0,0,0,0,0,,,,,,,,,,,0,0,99,99,0,,,1,,,,,,,,,,,,,,,,,,,,,,,,,,,
16,2,000003,195,195,,195,195,0,0,0,0,0,06/2023,0,0,,0,0,0,0,,,,,,0,0,0,0,41,0,0,0,22021000,0,0,5933,0,0,0,0,0,0,0,,,,,,,,,,,0,0,99,99,0,,,1,,,,,,,,,,,,,,,,,,,,,,,,,,,
53,2,000006,1581.67,1581.67,,1581.67,1581.67,0,0,0,0,0,07/2023,0,0,,0,0,0,0,,,,,,0,0,0,0,41,0,0,0,,0,0,5933,0,0,0,0,0,0,0,,,,,,,,,,,0,0,99,99,0,,,1,,,,,,,,,,,,,,,,,,,,,,,,,,,
54,1,000004,150,150,,150,150,0,0,0,0,0,07/2023,0,0,,0,0,0,0,,,,,,0,0,0,0,41,0,0,0,,0,0,5933,0,0,0,0,0,0,0,,,,,,,,,,,0,0,99,99,0,,,1,,,,,,,,,,,,,,,,,,,,,,,,,,,
55,1,000004,621,621,,621,621,0,0,0,0,0,07/2023,0,0,,0,0,0,0,,,,,,0,0,0,0,41,0,0,0,,0,0,5933,0,0,0,0,0,0,0,,,,,,,,,,,0,0,99,99,0,,,1,,,,,,,,,,,,,,,,,,,,,,,,,,,
56,1,000008,1141,1141,,1141,1141,0,0,0,0,0,07/2023,0,0,,0,0,0,0,,,,,,0,0,0,0,41,0,0,0,,0,0,5933,0,0,0,0,0,0,0,,,,,,,,,,,0,0,99,99,0,,,1,,,,,,,,,,,,,,,,,,,,,,,,,,,
57,1,000004,6927.73,6927.73,,6927.73,6927.73,0,0,0,0,0,07/2023,0,0,,0,0,0,0,,,,,,0,0,0,0,41,0,0,0,,0,0,5933,0,0,0,0,0,0,0,,,,,,,,,,,0,0,99,99,0,,,1,,,,,,,,,,,,,,,,,,,,,,,,,,,
58,1,000004,1483.05,1483.05,,1483.05,1483.05,0,0,0,0,0,07/2023,0,0,,0,0,0,0,,,,,,0,0,0,0,41,0,0,0,,0,0,5933,0,0,0,0,0,0,0,,,,,,,,,,,0,0,99,99,0,,,1,,,,,,,,,,,,,,,,,,,,,,,,,,,
58,2,000006,2202.46,2202.46,,2202.46,2202.46,0,0,0,0,0,07/2023,0,0,,0,0,0,0,,,,,,0,0,0,0,41,0,0,0,,0,0,5933,0,0,0,0,0,0,0,,,,,,,,,,,0,0,99,99,0,,,1,,,,,,,,,,,,,,,,,,,,,,,,,,,
25,1,000004,1276.5,1276.5,,1276.5,1276.5,0,0,0,0,0,06/2023,0,0,,0,0,0,0,,,,,,0,0,0,0,41,0,0,0,,0,0,5933,0,0,0,0,0,0,0,,,,,,,,,,,0,0,99,99,0,,,1,,,,,,,,,,,,,,,,,,,,,,,,,,,
26,1,000004,1210.85,1210.85,,1210.85,1210.85,0,0,0,0,0,06/2023,0,0,,0,0,0,0,,,,,,0,0,0,0,41,0,0,0,,0,0,5933,0,0,0,0,0,0,0,,,,,,,,,,,0,0,99,99,0,,,1,,,,,,,,,,,,,,,,,,,,,,,,,,,
27,1,000003,2529.44,2529.44,,2529.44,2529.44,0,0,0,0,0,07/2023,0,0,,0,0,0,0,,,,,,0,0,0,0,41,0,0,0,,0,0,5933,0,0,0,0,0,0,0,,,,,,,,,,,0,0,99,99,0,,,1,,,,,,,,,,,,,,,,,,,,,,,,,,,
59,1,000004,255.4,255.4,,255.4,255.4,0,0,0,0,0,07/2023,0,0,,0,0,0,0,,,,,,0,0,0,0,41,0,0,0,,0,0,5933,0,0,0,0,0,0,0,,,,,,,,,,,0,0,99,99,0,,,1,,,,,,,,,,,,,,,,,,,,,,,,,,,
60,1,000004,706.25,706.25,,706.25,706.25,0,0,0,0,0,07/2023,0,0,,0,0,0,0,,,,,,0,0,0,0,41,0,0,0,,0,0,5933,0,0,0,0,0,0,0,,,,,,,,,,,0,0,99,99,0,,,1,,,,,,,,,,,,,,,,,,,,,,,,,,,
29,1,000006,580,580,,580,580,0,0,0,0,0,07/2023,0,0,,0,0,0,0,,,,,,0,0,0,0,41,0,0,0,,0,0,5933,0,0,0,0,0,0,0,,,,,,,,,,,0,0,99,99,0,,,1,,,,,,,,,,,,,,,,,,,,,,,,,,,
30,1,000004,1919,1919,,1919,1919,0,0,0,0,0,07/2023,0,0,,0,0,0,0,,,,,,0,0,0,0,41,0,0,0,,0,0,5933,0,0,0,0,0,0,0,,,,,,,,,,,0,0,99,99,0,,,1,,,,,,,,,,,,,,,,,,,,,,,,,,,
30,2,000006,2400,2400,,2400,2400,0,0,0,0,0,07/2023,0,0,,0,0,0,0,,,,,,0,0,0,0,41,0,0,0,,0,0,5933,0,0,0,0,0,0,0,,,,,,,,,,,0,0,99,99,0,,,1,,,,,,,,,,,,,,,,,,,,,,,,,,,
31,1,000004,655.39,655.39,,655.39,655.39,0,0,0,0,0,07/2023,0,0,,0,0,0,0,,,,,,0,0,0,0,41,0,0,0,,0,0,5933,0,0,0,0,0,0,0,,,,,,,,,,,0,0,99,99,0,,,1,,,,,,,,,,,,,,,,,,,,,,,,,,,
31,2,000006,3344.65,3344.65,,3344.65,3344.65,0,0,0,0,0,07/2023,0,0,,0,0,0,0,,,,,,0,0,0,0,41,0,0,0,,0,0,5933,0,0,0,0,0,0,0,,,,,,,,,,,0,0,99,99,0,,,1,,,,,,,,,,,,,,,,,,,,,,,,,,,
32,1,000003,1336.67,1336.67,,1336.67,1336.67,0,0,0,0,0,07/2023,0,0,,0,0,0,0,,,,,,0,0,0,0,41,0,0,0,,0,0,5933,0,0,0,0,0,0,0,,,,,,,,,,,0,0,99,99,0,,,1,,,,,,,,,,,,,,,,,,,,,,,,,,,
61,1,000004,834.33,834.33,,834.33,834.33,0,0,0,0,0,07/2023,0,0,,0,0,0,0,,,,,,0,0,0,0,41,0,0,0,,0,0,5933,0,0,0,0,0,0,0,,,,,,,,,,,0,0,99,99,0,,,1,,,,,,,,,,,,,,,,,,,,,,,,,,,
62,1,000006,621,621,,621,621,0,0,0,0,0,07/2023,0,0,,0,0,0,0,,,,,,0,0,0,0,41,0,0,0,,0,0,5933,0,0,0,0,0,0,0,,,,,,,,,,,0,0,99,99,0,,,1,,,,,,,,,,,,,,,,,,,,,,,,,,,
34,1,000006,40,40,,40,40,0,0,0,0,0,07/2023,0,0,,0,0,0,0,,,,,,0,0,0,0,41,0,0,0,,0,0,5933,0,0,0,0,0,0,0,,,,,,,,,,,0,0,99,99,0,,,1,,,,,,,,,,,,,,,,,,,,,,,,,,,
35,1,000006,650,650,,650,650,0,0,0,0,0,07/2023,0,0,,0,0,0,0,,,,,,0,0,0,0,41,0,0,0,,0,0,5933,0,0,0,0,0,0,0,,,,,,,,,,,0,0,99,99,0,,,1,,,,,,,,,,,,,,,,,,,,,,,,,,,
36,1,000004,1353.94,1353.94,,1353.94,1353.94,0,0,0,0,0,07/2023,0,0,,0,0,0,0,,,,,,0,0,0,0,41,0,0,0,,0,0,5933,0,0,0,0,0,0,0,,,,,,,,,,,0,0,99,99,0,,,1,,,,,,,,,,,,,,,,,,,,,,,,,,,
36,2,000006,2513.44,2513.44,,2513.44,2513.44,0,0,0,0,0,07/2023,0,0,,0,0,0,0,,,,,,0,0,0,0,41,0,0,0,,0,0,5933,0,0,0,0,0,0,0,,,,,,,,,,,0,0,99,99,0,,,1,,,,,,,,,,,,,,,,,,,,,,,,,,,
37,1,000006,600,600,,600,600,0,0,0,0,0,07/2023,0,0,,0,0,0,0,,,,,,0,0,0,0,41,0,0,0,,0,0,5933,0,0,0,0,0,0,0,,,,,,,,,,,0,0,99,99,0,,,1,,,,,,,,,,,,,,,,,,,,,,,,,,,
38,1,000003,1000,1000,,1000,1000,0,0,0,0,0,07/2023,0,0,,0,0,0,0,,,,,,0,0,0,0,41,0,0,0,,0,0,5933,0,0,0,0,0,0,0,,,,,,,,,,,0,0,99,99,0,,,1,,,,,,,,,,,,,,,,,,,,,,,,,,,
39,1,000004,1263.22,1263.22,,1263.22,1263.22,0,0,0,0,0,07/2023,0,0,,0,0,0,0,,,,,,0,0,0,0,41,0,0,0,,0,0,5933,0,0,0,0,0,0,0,,,,,,,,,,,0,0,99,99,0,,,1,,,,,,,,,,,,,,,,,,,,,,,,,,,
39,2,000006,2074.81,2074.81,,2074.81,2074.81,0,0,0,0,0,07/2023,0,0,,0,0,0,0,,,,,,0,0,0,0,41,0,0,0,,0,0,5933,0,0,0,0,0,0,0,,,,,,,,,,,0,0,99,99,0,,,1,,,,,,,,,,,,,,,,,,,,,,,,,,,
41,1,000004,1265.15,1265.15,,1265.15,1265.15,0,0,0,0,0,07/2023,0,0,,0,0,0,0,,,,,,0,0,0,0,41,0,0,0,,0,0,5933,0,0,0,0,0,0,0,,,,,,,,,,,0,0,99,99,0,,,1,,,,,,,,,,,,,,,,,,,,,,,,,,,
41,2,000006,6053,6053,,6053,6053,0,0,0,0,0,07/2023,0,0,,0,0,0,0,,,,,,0,0,0,0,41,0,0,0,,0,0,5933,0,0,0,0,0,0,0,,,,,,,,,,,0,0,99,99,0,,,1,,,,,,,,,,,,,,,,,,,,,,,,,,,
42,1,000004,15617.22,15617.22,,15617.22,15617.22,0,0,0,0,0,07/2023,0,0,,0,0,0,0,,,,,,0,0,0,0,41,0,0,0,,0,0,5933,0,0,0,0,0,0,0,,,,,,,,,,,0,0,99,99,0,,,1,,,,,,,,,,,,,,,,,,,,,,,,,,,
42,2,000006,7409.98,7409.98,,7409.98,7409.98,0,0,0,0,0,07/2023,0,0,,0,0,0,0,,,,,,0,0,0,0,41,0,0,0,,0,0,5933,0,0,0,0,0,0,0,,,,,,,,,,,0,0,99,99,0,,,1,,,,,,,,,,,,,,,,,,,,,,,,,,,
43,1,000006,1367,1367,,1367,1367,0,0,0,0,0,07/2023,0,0,,0,0,0,0,,,,,,0,0,0,0,41,0,0,0,,0,0,5933,0,0,0,0,0,0,0,,,,,,,,,,,0,0,99,99,0,,,1,,,,,,,,,,,,,,,,,,,,,,,,,,,
44,1,000004,612.2,612.2,,612.2,612.2,0,0,0,0,0,07/2023,0,0,,0,0,0,0,,,,,,0,0,0,0,41,0,0,0,,0,0,5933,0,0,0,0,0,0,0,,,,,,,,,,,0,0,99,99,0,,,1,,,,,,,,,,,,,,,,,,,,,,,,,,,
45,1,000004,1938.68,1938.68,,1938.68,1938.68,0,0,0,0,0,07/2023,0,0,,0,0,0,0,,,,,,0,0,0,0,41,0,0,0,,0,0,5933,0,0,0,0,0,0,0,,,,,,,,,,,0,0,99,99,0,,,1,,,,,,,,,,,,,,,,,,,,,,,,,,,
45,2,000006,3212.04,3212.04,,3212.04,3212.04,0,0,0,0,0,07/2023,0,0,,0,0,0,0,,,,,,0,0,0,0,41,0,0,0,,0,0,5933,0,0,0,0,0,0,0,,,,,,,,,,,0,0,99,99,0,,,1,,,,,,,,,,,,,,,,,,,,,,,,,,,
46,1,000004,4612,4612,,4612,4612,0,0,0,0,0,07/2023,0,0,,0,0,0,0,,,,,,0,0,0,0,41,0,0,0,,0,0,5933,0,0,0,0,0,0,0,,,,,,,,,,,0,0,99,99,0,,,1,,,,,,,,,,,,,,,,,,,,,,,,,,,
47,1,000004,40,40,,40,40,0,0,0,0,0,07/2023,0,0,,0,0,0,0,,,,,,0,0,0,0,41,0,0,0,,0,0,5933,0,0,0,0,0,0,0,,,,,,,,,,,0,0,99,99,0,,,1,,,,,,,,,,,,,,,,,,,,,,,,,,,
48,1,000004,1175,1175,,1175,1175,0,0,0,0,0,07/2023,0,0,,0,0,0,0,,,,,,0,0,0,0,41,0,0,0,,0,0,5933,0,0,0,0,0,0,0,,,,,,,,,,,0,0,99,99,0,,,1,,,,,,,,,,,,,,,,,,,,,,,,,,,
49,1,000006,778,778,,778,778,0,0,0,0,0,07/2023,0,0,,0,0,0,0,,,,,,0,0,0,0,41,0,0,0,,0,0,5933,0,0,0,0,0,0,0,,,,,,,,,,,0,0,99,99,0,,,1,,,,,,,,,,,,,,,,,,,,,,,,,,,
50,1,000004,610.9,610.9,,610.9,610.9,0,0,0,0,0,07/2023,0,0,,0,0,0,0,,,,,,0,0,0,0,41,0,0,0,,0,0,5933,0,0,0,0,0,0,0,,,,,,,,,,,0,0,99,99,0,,,1,,,,,,,,,,,,,,,,,,,,,,,,,,,
63,1,000004,472,472,,472,472,0,0,0,0,0,07/2023,0,0,,0,0,0,0,,,,,,0,0,0,0,41,0,0,0,,0,0,5933,0,0,0,0,0,0,0,,,,,,,,,,,0,0,99,99,0,,,1,,,,,,,,,,,,,,,,,,,,,,,,,,,
64,1,000003,1336.67,1336.67,,1336.67,1336.67,0,0,0,0,0,07/2023,0,0,,0,0,0,0,,,,,,0,0,0,0,41,0,0,0,,0,0,5933,0,0,0,0,0,0,0,,,,,,,,,,,0,0,99,99,0,,,1,,,,,,,,,,,,,,,,,,,,,,,,,,,
65,1,000004,885.3,885.3,,885.3,885.3,0,0,0,0,0,07/2023,0,0,,0,0,0,0,,,,,,0,0,0,0,41,0,0,0,,0,0,5933,0,0,0,0,0,0,0,,,,,,,,,,,0,0,99,99,0,,,1,,,,,,,,,,,,,,,,,,,,,,,,,,,
66,1,000003,1293,1293,,1293,1293,0,0,0,0,0,07/2023,0,0,,0,0,0,0,,,,,,0,0,0,0,41,0,0,0,,0,0,5933,0,0,0,0,0,0,0,,,,,,,,,,,0,0,99,99,0,,,1,,,,,,,,,,,,,,,,,,,,,,,,,,,
67,1,000002,712.5,712.5,,712.5,712.5,0,0,0,0,0,07/2023,0,0,,0,0,0,0,,,,,,0,0,0,0,41,0,0,0,99999999,0,0,5933,0,0,0,0,0,0,0,,,,,,,,,,,0,0,99,99,0,,,1,,,,,,,,,,,,,,,,,,,,,,,,,,,
68,1,000003,199.26,199.26,,199.26,199.26,0,0,0,0,0,08/2023,0,0,,0,0,0,0,,,,,,0,0,0,0,41,0,0,0,,0,0,5933,0,0,0,0,0,0,0,,,,,,,,,,,0,0,99,99,0,,,1,,,,,,,,,,,,,,,,,,,,,,,,,,,
68,2,000004,1035.63,1035.63,,1035.63,1035.63,0,0,0,0,0,08/2023,0,0,,0,0,0,0,,,,,,0,0,0,0,41,0,0,0,,0,0,5933,0,0,0,0,0,0,0,,,,,,,,,,,0,0,99,99,0,,,1,,,,,,,,,,,,,,,,,,,,,,,,,,,
68,3,000006,964.91,964.91,,964.91,964.91,0,0,0,0,0,08/2023,0,0,,0,0,0,0,,,,,,0,0,0,0,41,0,0,0,,0,0,5933,0,0,0,0,0,0,0,,,,,,,,,,,0,0,99,99,0,,,1,,,,,,,,,,,,,,,,,,,,,,,,,,,
69,1,000002,1800,1800,,1800,1800,0,0,0,0,0,08/2023,0,0,,0,0,0,0,,,,,,0,0,0,0,41,0,0,0,99999999,0,0,5933,0,0,0,0,0,0,0,,,,,,,,,,,0,0,99,99,0,,,1,,,,,,,,,,,,,,,,,,,,,,,,,,,
70,1,000003,51,51,,51,51,0,0,0,0,0,08/2023,0,0,,0,0,0,0,,,,,,0,0,0,0,41,0,0,0,,0,0,5933,0,0,0,0,0,0,0,,,,,,,,,,,0,0,99,99,0,,,1,,,,,,,,,,,,,,,,,,,,,,,,,,,
71,1,000003,581.9,581.9,,581.9,581.9,0,0,0,0,0,08/2023,0,0,,0,0,0,0,,,,,,0,0,0,0,41,0,0,0,,0,0,5933,0,0,0,0,0,0,0,,,,,,,,,,,0,0,99,99,0,,,1,,,,,,,,,,,,,,,,,,,,,,,,,,,
72,1,000003,100,100,,100,100,0,0,0,0,0,08/2023,0,0,,0,0,0,0,,,,,,0,0,0,0,41,0,0,0,,0,0,5933,0,0,0,0,0,0,0,,,,,,,,,,,0,0,99,99,0,,,1,,,,,,,,,,,,,,,,,,,,,,,,,,,
73,1,000004,2058.94,2058.94,,2058.94,2058.94,0,0,0,0,0,08/2023,0,0,,0,0,0,0,,,,,,0,0,0,0,41,0,0,0,,0,0,5933,0,0,0,0,0,0,0,,,,,,,,,,,0,0,99,99,0,,,1,,,,,,,,,,,,,,,,,,,,,,,,,,,
73,2,000006,1047.68,1047.68,,1047.68,1047.68,0,0,0,0,0,08/2023,0,0,,0,0,0,0,,,,,,0,0,0,0,41,0,0,0,,0,0,5933,0,0,0,0,0,0,0,,,,,,,,,,,0,0,99,99,0,,,1,,,,,,,,,,,,,,,,,,,,,,,,,,,
74,1,000004,1974.66,1974.66,,1974.66,1974.66,0,0,0,0,0,08/2023,0,0,,0,0,0,0,,,,,,0,0,0,0,41,0,0,0,,0,0,5933,0,0,0,0,0,0,0,,,,,,,,,,,0,0,99,99,0,,,1,,,,,,,,,,,,,,,,,,,,,,,,,,,
74,2,000006,2066.67,2066.67,,2066.67,2066.67,0,0,0,0,0,08/2023,0,0,,0,0,0,0,,,,,,0,0,0,0,41,0,0,0,,0,0,5933,0,0,0,0,0,0,0,,,,,,,,,,,0,0,99,99,0,,,1,,,,,,,,,,,,,,,,,,,,,,,,,,,
75,1,000006,70,70,,70,70,0,0,0,0,0,08/2023,0,0,,0,0,0,0,,,,,,0,0,0,0,41,0,0,0,,0,0,5933,0,0,0,0,0,0,0,,,,,,,,,,,0,0,99,99,0,,,1,,,,,,,,,,,,,,,,,,,,,,,,,,,
162,1,000006,520,520,,520,520,0,0,0,0,0,08/2023,0,0,,0,0,0,0,,,,,,0,0,0,0,41,0,0,0,,0,0,5933,0,0,0,0,0,0,0,,,,,,,,,,,0,0,99,99,0,,,1,,,,,,,,,,,,,,,,,,,,,,,,,,,
77,1,000004,150,150,,150,150,0,0,0,0,0,08/2023,0,0,,0,0,0,0,,,,,,0,0,0,0,41,0,0,0,,0,0,5933,0,0,0,0,0,0,0,,,,,,,,,,,0,0,99,99,0,,,1,,,,,,,,,,,,,,,,,,,,,,,,,,,
78,1,000002,750,750,,750,750,0,0,0,0,0,08/2023,0,0,,0,0,0,0,,,,,,0,0,0,0,41,0,0,0,99999999,0,0,5933,0,0,0,0,0,0,0,,,,,,,,,,,0,0,99,99,0,,,1,,,,,,,,,,,,,,,,,,,,,,,,,,,
78,2,000004,580,580,,580,580,0,0,0,0,0,08/2023,0,0,,0,0,0,0,,,,,,0,0,0,0,41,0,0,0,,0,0,5933,0,0,0,0,0,0,0,,,,,,,,,,,0,0,99,99,0,,,1,,,,,,,,,,,,,,,,,,,,,,,,,,,
79,1,000009,770,770,,770,770,0,0,0,0,0,08/2023,0,0,,0,0,0,0,,,,,,0,0,0,0,41,0,0,0,,0,0,5933,0,0,0,0,0,0,0,,,,,,,,,,,0,0,99,99,0,,,1,,,,,,,,,,,,,,,,,,,,,,,,,,,
80,1,000009,6,6,,6,6,0,0,0,0,0,08/2023,0,0,,0,0,0,0,,,,,,0,0,0,0,41,0,0,0,,0,0,5933,0,0,0,0,0,0,0,,,,,,,,,,,0,0,99,99,0,,,1,,,,,,,,,,,,,,,,,,,,,,,,,,,
81,1,000006,625,625,,625,625,0,0,0,0,0,08/2023,0,0,,0,0,0,0,,,,,,0,0,0,0,41,0,0,0,,0,0,5933,0,0,0,0,0,0,0,,,,,,,,,,,0,0,99,99,0,,,1,,,,,,,,,,,,,,,,,,,,,,,,,,,
82,1,000006,1101.3,1101.3,,1101.3,1101.3,0,0,0,0,0,08/2023,0,0,,0,0,0,0,,,,,,0,0,0,0,41,0,0,0,,0,0,5933,0,0,0,0,0,0,0,,,,,,,,,,,0,0,99,99,0,,,1,,,,,,,,,,,,,,,,,,,,,,,,,,,
83,1,000004,3412.84,3412.84,,3412.84,3412.84,0,0,0,0,0,08/2023,0,0,,0,0,0,0,,,,,,0,0,0,0,41,0,0,0,,0,0,5933,0,0,0,0,0,0,0,,,,,,,,,,,0,0,99,99,0,,,1,,,,,,,,,,,,,,,,,,,,,,,,,,,
83,2,000006,3405.55,3405.55,,3405.55,3405.55,0,0,0,0,0,08/2023,0,0,,0,0,0,0,,,,,,0,0,0,0,41,0,0,0,,0,0,5933,0,0,0,0,0,0,0,,,,,,,,,,,0,0,99,99,0,,,1,,,,,,,,,,,,,,,,,,,,,,,,,,,
84,1,000004,2455.39,2455.39,,2455.39,2455.39,0,0,0,0,0,08/2023,0,0,,0,0,0,0,,,,,,0,0,0,0,41,0,0,0,,0,0,5933,0,0,0,0,0,0,0,,,,,,,,,,,0,0,99,99,0,,,1,,,,,,,,,,,,,,,,,,,,,,,,,,,
84,2,000006,1109.09,1109.09,,1109.09,1109.09,0,0,0,0,0,08/2023,0,0,,0,0,0,0,,,,,,0,0,0,0,41,0,0,0,,0,0,5933,0,0,0,0,0,0,0,,,,,,,,,,,0,0,99,99,0,,,1,,,,,,,,,,,,,,,,,,,,,,,,,,,
85,1,000004,2374.1,2374.1,,2374.1,2374.1,0,0,0,0,0,08/2023,0,0,,0,0,0,0,,,,,,0,0,0,0,41,0,0,0,,0,0,5933,0,0,0,0,0,0,0,,,,,,,,,,,0,0,99,99,0,,,1,,,,,,,,,,,,,,,,,,,,,,,,,,,
85,2,000006,747.5,747.5,,747.5,747.5,0,0,0,0,0,08/2023,0,0,,0,0,0,0,,,,,,0,0,0,0,41,0,0,0,,0,0,5933,0,0,0,0,0,0,0,,,,,,,,,,,0,0,99,99,0,,,1,,,,,,,,,,,,,,,,,,,,,,,,,,,
86,1,000009,70,70,,70,70,0,0,0,0,0,08/2023,0,0,,0,0,0,0,,,,,,0,0,0,0,41,0,0,0,,0,0,5933,0,0,0,0,0,0,0,,,,,,,,,,,0,0,99,99,0,,,1,,,,,,,,,,,,,,,,,,,,,,,,,,,
87,1,000009,630,630,,630,630,0,0,0,0,0,08/2023,0,0,,0,0,0,0,,,,,,0,0,0,0,41,0,0,0,,0,0,5933,0,0,0,0,0,0,0,,,,,,,,,,,0,0,99,99,0,,,1,,,,,,,,,,,,,,,,,,,,,,,,,,,
88,1,000009,35,35,,35,35,0,0,0,0,0,08/2023,0,0,,0,0,0,0,,,,,,0,0,0,0,41,0,0,0,,0,0,5933,0,0,0,0,0,0,0,,,,,,,,,,,0,0,99,99,0,,,1,,,,,,,,,,,,,,,,,,,,,,,,,,,
89,1,000009,70,70,,70,70,0,0,0,0,0,08/2023,0,0,,0,0,0,0,,,,,,0,0,0,0,41,0,0,0,,0,0,5933,0,0,0,0,0,0,0,,,,,,,,,,,0,0,99,99,0,,,1,,,,,,,,,,,,,,,,,,,,,,,,,,,
90,1,000009,420,420,,420,420,0,0,0,0,0,08/2023,0,0,,0,0,0,0,,,,,,0,0,0,0,41,0,0,0,,0,0,5933,0,0,0,0,0,0,0,,,,,,,,,,,0,0,99,99,0,,,1,,,,,,,,,,,,,,,,,,,,,,,,,,,
91,1,000009,840,840,,840,840,0,0,0,0,0,08/2023,0,0,,0,0,0,0,,,,,,0,0,0,0,41,0,0,0,,0,0,5933,0,0,0,0,0,0,0,,,,,,,,,,,0,0,99,99,0,,,1,,,,,,,,,,,,,,,,,,,,,,,,,,,
92,1,000009,35,35,,35,35,0,0,0,0,0,08/2023,0,0,,0,0,0,0,,,,,,0,0,0,0,41,0,0,0,,0,0,5933,0,0,0,0,0,0,0,,,,,,,,,,,0,0,99,99,0,,,1,,,,,,,,,,,,,,,,,,,,,,,,,,,
93,1,000009,700,700,,700,700,0,0,0,0,0,08/2023,0,0,,0,0,0,0,,,,,,0,0,0,0,41,0,0,0,,0,0,5933,0,0,0,0,0,0,0,,,,,,,,,,,0,0,99,99,0,,,1,,,,,,,,,,,,,,,,,,,,,,,,,,,
94,1,000009,630,630,,630,630,0,0,0,0,0,08/2023,0,0,,0,0,0,0,,,,,,0,0,0,0,41,0,0,0,,0,0,5933,0,0,0,0,0,0,0,,,,,,,,,,,0,0,99,99,0,,,1,,,,,,,,,,,,,,,,,,,,,,,,,,,
95,1,000009,630,630,,630,630,0,0,0,0,0,08/2023,0,0,,0,0,0,0,,,,,,0,0,0,0,41,0,0,0,,0,0,5933,0,0,0,0,0,0,0,,,,,,,,,,,0,0,99,99,0,,,1,,,,,,,,,,,,,,,,,,,,,,,,,,,
96,1,000009,70,70,,70,70,0,0,0,0,0,08/2023,0,0,,0,0,0,0,,,,,,0,0,0,0,41,0,0,0,,0,0,5933,0,0,0,0,0,0,0,,,,,,,,,,,0,0,99,99,0,,,1,,,,,,,,,,,,,,,,,,,,,,,,,,,
97,1,000009,560,560,,560,560,0,0,0,0,0,08/2023,0,0,,0,0,0,0,,,,,,0,0,0,0,41,0,0,0,,0,0,5933,0,0,0,0,0,0,0,,,,,,,,,,,0,0,99,99,0,,,1,,,,,,,,,,,,,,,,,,,,,,,,,,,
98,1,000009,35,35,,35,35,0,0,0,0,0,08/2023,0,0,,0,0,0,0,,,,,,0,0,0,0,41,0,0,0,,0,0,5933,0,0,0,0,0,0,0,,,,,,,,,,,0,0,99,99,0,,,1,,,,,,,,,,,,,,,,,,,,,,,,,,,
99,1,000009,80,80,,80,80,0,0,0,0,0,08/2023,0,0,,0,0,0,0,,,,,,0,0,0,0,41,0,0,0,,0,0,5933,0,0,0,0,0,0,0,,,,,,,,,,,0,0,99,99,0,,,1,,,,,,,,,,,,,,,,,,,,,,,,,,,
100,1,000009,35,35,,35,35,0,0,0,0,0,08/2023,0,0,,0,0,0,0,,,,,,0,0,0,0,41,0,0,0,,0,0,5933,0,0,0,0,0,0,0,,,,,,,,,,,0,0,99,99,0,,,1,,,,,,,,,,,,,,,,,,,,,,,,,,,
101,1,000002,750,750,,750,750,0,0,0,0,0,08/2023,0,0,,0,0,0,0,,,,,,0,0,0,0,41,0,0,0,99999999,0,0,5933,0,0,0,0,0,0,0,,,,,,,,,,,0,0,99,99,0,,,1,,,,,,,,,,,,,,,,,,,,,,,,,,,
101,2,000004,700,700,,700,700,0,0,0,0,0,08/2023,0,0,,0,0,0,0,,,,,,0,0,0,0,41,0,0,0,,0,0,5933,0,0,0,0,0,0,0,,,,,,,,,,,0,0,99,99,0,,,1,,,,,,,,,,,,,,,,,,,,,,,,,,,
101,3,000006,1168.68,1168.68,,1168.68,1168.68,0,0,0,0,0,08/2023,0,0,,0,0,0,0,,,,,,0,0,0,0,41,0,0,0,,0,0,5933,0,0,0,0,0,0,0,,,,,,,,,,,0,0,99,99,0,,,1,,,,,,,,,,,,,,,,,,,,,,,,,,,
102,1,000009,595,595,,595,595,0,0,0,0,0,08/2023,0,0,,0,0,0,0,,,,,,0,0,0,0,41,0,0,0,,0,0,5933,0,0,0,0,0,0,0,,,,,,,,,,,0,0,99,99,0,,,1,,,,,,,,,,,,,,,,,,,,,,,,,,,
103,1,000009,735,735,,735,735,0,0,0,0,0,08/2023,0,0,,0,0,0,0,,,,,,0,0,0,0,41,0,0,0,,0,0,5933,0,0,0,0,0,0,0,,,,,,,,,,,0,0,99,99,0,,,1,,,,,,,,,,,,,,,,,,,,,,,,,,,
104,1,000009,25,25,,25,25,0,0,0,0,0,08/2023,0,0,,0,0,0,0,,,,,,0,0,0,0,41,0,0,0,,0,0,5933,0,0,0,0,0,0,0,,,,,,,,,,,0,0,99,99,0,,,1,,,,,,,,,,,,,,,,,,,,,,,,,,,
105,1,000009,490,490,,490,490,0,0,0,0,0,08/2023,0,0,,0,0,0,0,,,,,,0,0,0,0,41,0,0,0,,0,0,5933,0,0,0,0,0,0,0,,,,,,,,,,,0,0,99,99,0,,,1,,,,,,,,,,,,,,,,,,,,,,,,,,,
106,1,000009,385,385,,385,385,0,0,0,0,0,08/2023,0,0,,0,0,0,0,,,,,,0,0,0,0,41,0,0,0,,0,0,5933,0,0,0,0,0,0,0,,,,,,,,,,,0,0,99,99,0,,,1,,,,,,,,,,,,,,,,,,,,,,,,,,,
107,1,000009,405,405,,405,405,0,0,0,0,0,08/2023,0,0,,0,0,0,0,,,,,,0,0,0,0,41,0,0,0,,0,0,5933,0,0,0,0,0,0,0,,,,,,,,,,,0,0,99,99,0,,,1,,,,,,,,,,,,,,,,,,,,,,,,,,,
108,1,000009,175,175,,175,175,0,0,0,0,0,08/2023,0,0,,0,0,0,0,,,,,,0,0,0,0,41,0,0,0,,0,0,5933,0,0,0,0,0,0,0,,,,,,,,,,,0,0,99,99,0,,,1,,,,,,,,,,,,,,,,,,,,,,,,,,,
109,1,000009,805,805,,805,805,0,0,0,0,0,08/2023,0,0,,0,0,0,0,,,,,,0,0,0,0,41,0,0,0,,0,0,5933,0,0,0,0,0,0,0,,,,,,,,,,,0,0,99,99,0,,,1,,,,,,,,,,,,,,,,,,,,,,,,,,,
110,1,000009,155,155,,155,155,0,0,0,0,0,08/2023,0,0,,0,0,0,0,,,,,,0,0,0,0,41,0,0,0,,0,0,5933,0,0,0,0,0,0,0,,,,,,,,,,,0,0,99,99,0,,,1,,,,,,,,,,,,,,,,,,,,,,,,,,,
111,1,000009,400,400,,400,400,0,0,0,0,0,08/2023,0,0,,0,0,0,0,,,,,,0,0,0,0,41,0,0,0,,0,0,5933,0,0,0,0,0,0,0,,,,,,,,,,,0,0,99,99,0,,,1,,,,,,,,,,,,,,,,,,,,,,,,,,,
112,1,000009,525,525,,525,525,0,0,0,0,0,08/2023,0,0,,0,0,0,0,,,,,,0,0,0,0,41,0,0,0,,0,0,5933,0,0,0,0,0,0,0,,,,,,,,,,,0,0,99,99,0,,,1,,,,,,,,,,,,,,,,,,,,,,,,,,,
113,1,000009,70,70,,70,70,0,0,0,0,0,08/2023,0,0,,0,0,0,0,,,,,,0,0,0,0,41,0,0,0,,0,0,5933,0,0,0,0,0,0,0,,,,,,,,,,,0,0,99,99,0,,,1,,,,,,,,,,,,,,,,,,,,,,,,,,,
114,1,000009,70,70,,70,70,0,0,0,0,0,08/2023,0,0,,0,0,0,0,,,,,,0,0,0,0,41,0,0,0,,0,0,5933,0,0,0,0,0,0,0,,,,,,,,,,,0,0,99,99,0,,,1,,,,,,,,,,,,,,,,,,,,,,,,,,,
115,1,000009,70,70,,70,70,0,0,0,0,0,08/2023,0,0,,0,0,0,0,,,,,,0,0,0,0,41,0,0,0,,0,0,5933,0,0,0,0,0,0,0,,,,,,,,,,,0,0,99,99,0,,,1,,,,,,,,,,,,,,,,,,,,,,,,,,,
116,1,000009,315,315,,315,315,0,0,0,0,0,08/2023,0,0,,0,0,0,0,,,,,,0,0,0,0,41,0,0,0,,0,0,5933,0,0,0,0,0,0,0,,,,,,,,,,,0,0,99,99,0,,,1,,,,,,,,,,,,,,,,,,,,,,,,,,,
117,1,000009,875,875,,875,875,0,0,0,0,0,08/2023,0,0,,0,0,0,0,,,,,,0,0,0,0,41,0,0,0,,0,0,5933,0,0,0,0,0,0,0,,,,,,,,,,,0,0,99,99,0,,,1,,,,,,,,,,,,,,,,,,,,,,,,,,,
118,1,000009,70,70,,70,70,0,0,0,0,0,08/2023,0,0,,0,0,0,0,,,,,,0,0,0,0,41,0,0,0,,0,0,5933,0,0,0,0,0,0,0,,,,,,,,,,,0,0,99,99,0,,,1,,,,,,,,,,,,,,,,,,,,,,,,,,,
119,1,000009,24,24,,24,24,0,0,0,0,0,08/2023,0,0,,0,0,0,0,,,,,,0,0,0,0,41,0,0,0,,0,0,5933,0,0,0,0,0,0,0,,,,,,,,,,,0,0,99,99,0,,,1,,,,,,,,,,,,,,,,,,,,,,,,,,,
120,1,000009,8,8,,8,8,0,0,0,0,0,08/2023,0,0,,0,0,0,0,,,,,,0,0,0,0,41,0,0,0,,0,0,5933,0,0,0,0,0,0,0,,,,,,,,,,,0,0,99,99,0,,,1,,,,,,,,,,,,,,,,,,,,,,,,,,,
121,1,000009,24,24,,24,24,0,0,0,0,0,08/2023,0,0,,0,0,0,0,,,,,,0,0,0,0,41,0,0,0,,0,0,5933,0,0,0,0,0,0,0,,,,,,,,,,,0,0,99,99,0,,,1,,,,,,,,,,,,,,,,,,,,,,,,,,,
122,1,000009,8,8,,8,8,0,0,0,0,0,08/2023,0,0,,0,0,0,0,,,,,,0,0,0,0,41,0,0,0,,0,0,5933,0,0,0,0,0,0,0,,,,,,,,,,,0,0,99,99,0,,,1,,,,,,,,,,,,,,,,,,,,,,,,,,,
123,1,000010,113.23,113.23,,113.23,113.23,0,0,0,0,0,08/2023,0,0,,0,0,0,0,,,,,,0,0,0,0,41,0,0,0,,0,0,5933,0,0,0,0,0,0,0,,,,,,,,,,,0,0,99,99,0,,,1,,,,,,,,,,,,,,,,,,,,,,,,,,,
163,1,000004,319.13,319.13,,319.13,319.13,0,0,0,0,0,08/2023,0,0,,0,0,0,0,,,,,,0,0,0,0,41,0,0,0,,0,0,5933,0,0,0,0,0,0,0,,,,,,,,,,,0,0,99,99,0,,,1,,,,,,,,,,,,,,,,,,,,,,,,,,,
125,1,000010,249.4,249.4,,249.4,249.4,0,0,0,0,0,08/2023,0,0,,0,0,0,0,,,,,,0,0,0,0,41,0,0,0,,0,0,5933,0,0,0,0,0,0,0,,,,,,,,,,,0,0,99,99,0,,,1,,,,,,,,,,,,,,,,,,,,,,,,,,,
126,1,000009,35,35,,35,35,0,0,0,0,0,08/2023,0,0,,0,0,0,0,,,,,,0,0,0,0,41,0,0,0,,0,0,5933,0,0,0,0,0,0,0,,,,,,,,,,,0,0,99,99,0,,,1,,,,,,,,,,,,,,,,,,,,,,,,,,,
127,1,000009,700,700,,700,700,0,0,0,0,0,08/2023,0,0,,0,0,0,0,,,,,,0,0,0,0,41,0,0,0,,0,0,5933,0,0,0,0,0,0,0,,,,,,,,,,,0,0,99,99,0,,,1,,,,,,,,,,,,,,,,,,,,,,,,,,,
128,1,000009,250,250,,250,250,0,0,0,0,0,08/2023,0,0,,0,0,0,0,,,,,,0,0,0,0,41,0,0,0,,0,0,5933,0,0,0,0,0,0,0,,,,,,,,,,,0,0,99,99,0,,,1,,,,,,,,,,,,,,,,,,,,,,,,,,,
129,1,000009,3173.67,3173.67,,3173.67,3173.67,0,0,0,0,0,08/2023,0,0,,0,0,0,0,,,,,,0,0,0,0,41,0,0,0,,0,0,5933,0,0,0,0,0,0,0,,,,,,,,,,,0,0,99,99,0,,,1,,,,,,,,,,,,,,,,,,,,,,,,,,,
130,1,000009,15,15,,15,15,0,0,0,0,0,08/2023,0,0,,0,0,0,0,,,,,,0,0,0,0,41,0,0,0,,0,0,5933,0,0,0,0,0,0,0,,,,,,,,,,,0,0,99,99,0,,,1,,,,,,,,,,,,,,,,,,,,,,,,,,,
131,1,000009,155,155,,155,155,0,0,0,0,0,08/2023,0,0,,0,0,0,0,,,,,,0,0,0,0,41,0,0,0,,0,0,5933,0,0,0,0,0,0,0,,,,,,,,,,,0,0,99,99,0,,,1,,,,,,,,,,,,,,,,,,,,,,,,,,,
132,1,000009,35,35,,35,35,0,0,0,0,0,08/2023,0,0,,0,0,0,0,,,,,,0,0,0,0,41,0,0,0,,0,0,5933,0,0,0,0,0,0,0,,,,,,,,,,,0,0,99,99,0,,,1,,,,,,,,,,,,,,,,,,,,,,,,,,,
133,1,000009,35,35,,35,35,0,0,0,0,0,08/2023,0,0,,0,0,0,0,,,,,,0,0,0,0,41,0,0,0,,0,0,5933,0,0,0,0,0,0,0,,,,,,,,,,,0,0,99,99,0,,,1,,,,,,,,,,,,,,,,,,,,,,,,,,,
134,1,000004,7816.18,7816.18,,7816.18,7816.18,0,0,0,0,0,08/2023,0,0,,0,0,0,0,,,,,,0,0,0,0,41,0,0,0,,0,0,5933,0,0,0,0,0,0,0,,,,,,,,,,,0,0,99,99,0,,,1,,,,,,,,,,,,,,,,,,,,,,,,,,,
134,2,000006,8018.74,8018.74,,8018.74,8018.74,0,0,0,0,0,08/2023,0,0,,0,0,0,0,,,,,,0,0,0,0,41,0,0,0,,0,0,5933,0,0,0,0,0,0,0,,,,,,,,,,,0,0,99,99,0,,,1,,,,,,,,,,,,,,,,,,,,,,,,,,,
135,1,000004,1575.3,1575.3,,1575.3,1575.3,0,0,0,0,0,08/2023,0,0,,0,0,0,0,,,,,,0,0,0,0,41,0,0,0,,0,0,5933,0,0,0,0,0,0,0,,,,,,,,,,,0,0,99,99,0,,,1,,,,,,,,,,,,,,,,,,,,,,,,,,,
136,1,000002,600,600,,600,600,0,0,0,0,0,08/2023,0,0,,0,0,0,0,,,,,,0,0,0,0,41,0,0,0,99999999,0,0,5933,0,0,0,0,0,0,0,,,,,,,,,,,0,0,99,99,0,,,1,,,,,,,,,,,,,,,,,,,,,,,,,,,
136,2,000003,4052.41,4052.41,,4052.41,4052.41,0,0,0,0,0,08/2023,0,0,,0,0,0,0,,,,,,0,0,0,0,41,0,0,0,,0,0,5933,0,0,0,0,0,0,0,,,,,,,,,,,0,0,99,99,0,,,1,,,,,,,,,,,,,,,,,,,,,,,,,,,
136,3,000006,2327.5,2327.5,,2327.5,2327.5,0,0,0,0,0,08/2023,0,0,,0,0,0,0,,,,,,0,0,0,0,41,0,0,0,,0,0,5933,0,0,0,0,0,0,0,,,,,,,,,,,0,0,99,99,0,,,1,,,,,,,,,,,,,,,,,,,,,,,,,,,
137,1,000009,35,35,,35,35,0,0,0,0,0,08/2023,0,0,,0,0,0,0,,,,,,0,0,0,0,41,0,0,0,,0,0,5933,0,0,0,0,0,0,0,,,,,,,,,,,0,0,99,99,0,,,1,,,,,,,,,,,,,,,,,,,,,,,,,,,
138,1,000009,2450,2450,,2450,2450,0,0,0,0,0,08/2023,0,0,,0,0,0,0,,,,,,0,0,0,0,41,0,0,0,,0,0,5933,0,0,0,0,0,0,0,,,,,,,,,,,0,0,99,99,0,,,1,,,,,,,,,,,,,,,,,,,,,,,,,,,
139,1,000009,35,35,,35,35,0,0,0,0,0,08/2023,0,0,,0,0,0,0,,,,,,0,0,0,0,41,0,0,0,,0,0,5933,0,0,0,0,0,0,0,,,,,,,,,,,0,0,99,99,0,,,1,,,,,,,,,,,,,,,,,,,,,,,,,,,
140,1,000009,620,620,,620,620,0,0,0,0,0,08/2023,0,0,,0,0,0,0,,,,,,0,0,0,0,41,0,0,0,,0,0,5933,0,0,0,0,0,0,0,,,,,,,,,,,0,0,99,99,0,,,1,,,,,,,,,,,,,,,,,,,,,,,,,,,
141,1,000004,1500.83,1500.83,,1500.83,1500.83,0,0,0,0,0,08/2023,0,0,,0,0,0,0,,,,,,0,0,0,0,41,0,0,0,,0,0,5933,0,0,0,0,0,0,0,,,,,,,,,,,0,0,99,99,0,,,1,,,,,,,,,,,,,,,,,,,,,,,,,,,
142,1,000009,210,210,,210,210,0,0,0,0,0,08/2023,0,0,,0,0,0,0,,,,,,0,0,0,0,41,0,0,0,,0,0,5933,0,0,0,0,0,0,0,,,,,,,,,,,0,0,99,99,0,,,1,,,,,,,,,,,,,,,,,,,,,,,,,,,
143,1,000004,2008.97,2008.97,,2008.97,2008.97,0,0,0,0,0,08/2023,0,0,,0,0,0,0,,,,,,0,0,0,0,41,0,0,0,,0,0,5933,0,0,0,0,0,0,0,,,,,,,,,,,0,0,99,99,0,,,1,,,,,,,,,,,,,,,,,,,,,,,,,,,
143,2,000006,931.67,931.67,,931.67,931.67,0,0,0,0,0,08/2023,0,0,,0,0,0,0,,,,,,0,0,0,0,41,0,0,0,,0,0,5933,0,0,0,0,0,0,0,,,,,,,,,,,0,0,99,99,0,,,1,,,,,,,,,,,,,,,,,,,,,,,,,,,
163,2,000006,1366.67,1366.67,,1366.67,1366.67,0,0,0,0,0,08/2023,0,0,,0,0,0,0,,,,,,0,0,0,0,41,0,0,0,,0,0,5933,0,0,0,0,0,0,0,,,,,,,,,,,0,0,99,99,0,,,1,,,,,,,,,,,,,,,,,,,,,,,,,,,
164,1,000002,550,550,,550,550,0,0,0,0,0,08/2023,0,0,,0,0,0,0,,,,,,0,0,0,0,41,0,0,0,99999999,0,0,5933,0,0,0,0,0,0,0,,,,,,,,,,,0,0,99,99,0,,,1,,,,,,,,,,,,,,,,,,,,,,,,,,,
146,1,000004,749.25,749.25,,749.25,749.25,0,0,0,0,0,08/2023,0,0,,0,0,0,0,,,,,,0,0,0,0,41,0,0,0,,0,0,5933,0,0,0,0,0,0,0,,,,,,,,,,,0,0,99,99,0,,,1,,,,,,,,,,,,,,,,,,,,,,,,,,,
146,2,000006,869.5,869.5,,869.5,869.5,0,0,0,0,0,08/2023,0,0,,0,0,0,0,,,,,,0,0,0,0,41,0,0,0,,0,0,5933,0,0,0,0,0,0,0,,,,,,,,,,,0,0,99,99,0,,,1,,,,,,,,,,,,,,,,,,,,,,,,,,,
147,1,000009,35,35,,35,35,0,0,0,0,0,08/2023,0,0,,0,0,0,0,,,,,,0,0,0,0,41,0,0,0,,0,0,5933,0,0,0,0,0,0,0,,,,,,,,,,,0,0,99,99,0,,,1,,,,,,,,,,,,,,,,,,,,,,,,,,,
148,1,000006,546.99,546.99,,546.99,546.99,0,0,0,0,0,08/2023,0,0,,0,0,0,0,,,,,,0,0,0,0,41,0,0,0,,0,0,5933,0,0,0,0,0,0,0,,,,,,,,,,,0,0,99,99,0,,,1,,,,,,,,,,,,,,,,,,,,,,,,,,,
149,1,000002,1250,1250,,1250,1250,0,0,0,0,0,08/2023,0,0,,0,0,0,0,,,,,,0,0,0,0,41,0,0,0,99999999,0,0,5933,0,0,0,0,0,0,0,,,,,,,,,,,0,0,99,99,0,,,1,,,,,,,,,,,,,,,,,,,,,,,,,,,
150,1,000008,1141,1141,,1141,1141,0,0,0,0,0,08/2023,0,0,,0,0,0,0,,,,,,0,0,0,0,41,0,0,0,,0,0,5933,0,0,0,0,0,0,0,,,,,,,,,,,0,0,99,99,0,,,1,,,,,,,,,,,,,,,,,,,,,,,,,,,
151,1,000003,1100,1100,,1100,1100,0,0,0,0,0,08/2023,0,0,,0,0,0,0,,,,,,0,0,0,0,41,0,0,0,,0,0,5933,0,0,0,0,0,0,0,,,,,,,,,,,0,0,99,99,0,,,1,,,,,,,,,,,,,,,,,,,,,,,,,,,
152,1,000004,1046.2,1046.2,,1046.2,1046.2,0,0,0,0,0,08/2023,0,0,,0,0,0,0,,,,,,0,0,0,0,41,0,0,0,,0,0,5933,0,0,0,0,0,0,0,,,,,,,,,,,0,0,99,99,0,,,1,,,,,,,,,,,,,,,,,,,,,,,,,,,
152,2,000006,663.66,663.66,,663.66,663.66,0,0,0,0,0,08/2023,0,0,,0,0,0,0,,,,,,0,0,0,0,41,0,0,0,,0,0,5933,0,0,0,0,0,0,0,,,,,,,,,,,0,0,99,99,0,,,1,,,,,,,,,,,,,,,,,,,,,,,,,,,
153,1,000004,1619.97,1619.97,,1619.97,1619.97,0,0,0,0,0,08/2023,0,0,,0,0,0,0,,,,,,0,0,0,0,41,0,0,0,,0,0,5933,0,0,0,0,0,0,0,,,,,,,,,,,0,0,99,99,0,,,1,,,,,,,,,,,,,,,,,,,,,,,,,,,
154,1,000011,40,40,,40,40,0,0,0,0,0,08/2023,0,0,,0,0,0,0,,,,,,0,0,0,0,41,0,0,0,,0,0,5933,0,0,0,0,0,0,0,,,,,,,,,,,0,0,99,99,0,,,1,,,,,,,,,,,,,,,,,,,,,,,,,,,
155,1,000003,1336.67,1336.67,,1336.67,1336.67,0,0,0,0,0,08/2023,0,0,,0,0,0,0,,,,,,0,0,0,0,41,0,0,0,,0,0,5933,0,0,0,0,0,0,0,,,,,,,,,,,0,0,99,99,0,,,1,,,,,,,,,,,,,,,,,,,,,,,,,,,
156,1,000004,255.4,255.4,,255.4,255.4,0,0,0,0,0,08/2023,0,0,,0,0,0,0,,,,,,0,0,0,0,41,0,0,0,,0,0,5933,0,0,0,0,0,0,0,,,,,,,,,,,0,0,99,99,0,,,1,,,,,,,,,,,,,,,,,,,,,,,,,,,
157,1,000004,650,650,,650,650,0,0,0,0,0,08/2023,0,0,,0,0,0,0,,,,,,0,0,0,0,41,0,0,0,,0,0,5933,0,0,0,0,0,0,0,,,,,,,,,,,0,0,99,99,0,,,1,,,,,,,,,,,,,,,,,,,,,,,,,,,
158,1,000011,40,40,,40,40,0,0,0,0,0,08/2023,0,0,,0,0,0,0,,,,,,0,0,0,0,41,0,0,0,,0,0,5933,0,0,0,0,0,0,0,,,,,,,,,,,0,0,99,99,0,,,1,,,,,,,,,,,,,,,,,,,,,,,,,,,
159,1,000004,472,472,,472,472,0,0,0,0,0,08/2023,0,0,,0,0,0,0,,,,,,0,0,0,0,41,0,0,0,,0,0,5933,0,0,0,0,0,0,0,,,,,,,,,,,0,0,99,99,0,,,1,,,,,,,,,,,,,,,,,,,,,,,,,,,
160,1,000011,40,40,,40,40,0,0,0,0,0,08/2023,0,0,,0,0,0,0,,,,,,0,0,0,0,41,0,0,0,,0,0,5933,0,0,0,0,0,0,0,,,,,,,,,,,0,0,99,99,0,,,1,,,,,,,,,,,,,,,,,,,,,,,,,,,
161,1,000004,1459.6,1459.6,,1459.6,1459.6,0,0,0,0,0,08/2023,0,0,,0,0,0,0,,,,,,0,0,0,0,41,0,0,0,,0,0,5933,0,0,0,0,0,0,0,,,,,,,,,,,0,0,99,99,0,,,1,,,,,,,,,,,,,,,,,,,,,,,,,,,
165,1,000003,2600,2600,,2600,2600,0,0,0,0,0,08/2023,0,0,,0,0,0,0,,,,,,0,0,0,0,41,0,0,0,,0,0,5933,0,0,0,0,0,0,0,,,,,,,,,,,0,0,99,99,0,,,1,,,,,,,,,,,,,,,,,,,,,,,,,,,
166,1,000010,39.58,39.58,,39.58,39.58,0,0,0,0,0,08/2023,0,0,,0,0,0,0,,,,,,0,0,0,0,41,0,0,0,,0,0,5933,0,0,0,0,0,0,0,,,,,,,,,,,0,0,99,99,0,,,1,,,,,,,,,,,,,,,,,,,,,,,,,,,
167,1,000003,600,600,,600,600,0,0,0,0,0,08/2023,0,0,,0,0,0,0,,,,,,0,0,0,0,41,0,0,0,,0,0,5933,0,0,0,0,0,0,0,,,,,,,,,,,0,0,99,99,0,,,1,,,,,,,,,,,,,,,,,,,,,,,,,,,
168,1,000004,770,770,,770,770,0,0,0,0,0,08/2023,0,0,,0,0,0,0,,,,,,0,0,0,0,41,0,0,0,,0,0,5933,0,0,0,0,0,0,0,,,,,,,,,,,0,0,99,99,0,,,1,,,,,,,,,,,,,,,,,,,,,,,,,,,
169,1,000003,1253.96,1253.96,,1253.96,1253.96,0,0,0,0,0,08/2023,0,0,,0,0,0,0,,,,,,0,0,0,0,41,0,0,0,,0,0,5933,0,0,0,0,0,0,0,,,,,,,,,,,0,0,99,99,0,,,1,,,,,,,,,,,,,,,,,,,,,,,,,,,
170,1,000004,575,575,,575,575,0,0,0,0,0,08/2023,0,0,,0,0,0,0,,,,,,0,0,0,0,41,0,0,0,,0,0,5933,0,0,0,0,0,0,0,,,,,,,,,,,0,0,99,99,0,,,1,,,,,,,,,,,,,,,,,,,,,,,,,,,
171,1,000011,40,40,,40,40,0,0,0,0,0,08/2023,0,0,,0,0,0,0,,,,,,0,0,0,0,41,0,0,0,,0,0,5933,0,0,0,0,0,0,0,,,,,,,,,,,0,0,99,99,0,,,1,,,,,,,,,,,,,,,,,,,,,,,,,,,
172,1,000009,100,100,,100,100,0,0,0,0,0,08/2023,0,0,,0,0,0,0,,,,,,0,0,0,0,41,0,0,0,,0,0,5933,0,0,0,0,0,0,0,,,,,,,,,,,0,0,99,99,0,,,1,,,,,,,,,,,,,,,,,,,,,,,,,,,
173,1,000009,40,40,,40,40,0,0,0,0,0,08/2023,0,0,,0,0,0,0,,,,,,0,0,0,0,41,0,0,0,,0,0,5933,0,0,0,0,0,0,0,,,,,,,,,,,0,0,99,99,0,,,1,,,,,,,,,,,,,,,,,,,,,,,,,,,
174,1,000009,0.01,0.01,,0.01,1.4,0,0,0,0,0,08/2023,0,0,,0,0,0,0,,,,,,0,0,0,0,41,0,0,0,,0,0,5933,0,0,0,0,0,0,0,,,,,,,,,,,0,0,99,99,0,,,140,,,,,,,,,,,,,,,,,,,,,,,,,,,
174,2,000009,138.6,138.6,,138.6,138.6,0,0,0,0,0,08/2023,0,0,,0,0,0,0,,,,,,0,0,0,0,41,0,0,0,,0,0,5933,0,0,0,0,0,0,0,,,,,,,,,,,0,0,99,99,0,,,1,,,,,,,,,,,,,,,,,,,,,,,,,,,
176,1,000004,255.3,255.3,,255.3,255.3,0,0,0,0,0,08/2023,0,0,,0,0,0,0,,,,,,0,0,0,0,41,0,0,0,,0,0,5933,0,0,0,0,0,0,0,,,,,,,,,,,0,0,99,99,0,,,1,,,,,,,,,,,,,,,,,,,,,,,,,,,
177,1,000011,40,40,,40,40,0,0,0,0,0,09/2023,0,0,,0,0,0,0,,,,,,0,0,0,0,41,0,0,0,,0,0,5933,0,0,0,0,0,0,0,,,,,,,,,,,0,0,99,99,0,,,1,,,,,,,,,,,,,,,,,,,,,,,,,,,
178,1,000003,93.21,93.21,,93.21,93.21,0,0,0,0,0,09/2023,0,0,,0,0,0,0,,,,,,0,0,0,0,41,0,0,0,,0,0,5933,0,0,0,0,0,0,0,,,,,,,,,,,0,0,99,99,0,,,1,,,,,,,,,,,,,,,,,,,,,,,,,,,
179,1,000003,3726,3726,,3726,3726,0,0,0,0,0,09/2023,0,0,,0,0,0,0,,,,,,0,0,0,0,41,0,0,0,,0,0,5933,0,0,0,0,0,0,0,,,,,,,,,,,0,0,99,99,0,,,1,,,,,,,,,,,,,,,,,,,,,,,,,,,
180,1,000011,80,80,,80,80,0,0,0,0,0,09/2023,0,0,,0,0,0,0,,,,,,0,0,0,0,41,0,0,0,,0,0,5933,0,0,0,0,0,0,0,,,,,,,,,,,0,0,99,99,0,,,1,,,,,,,,,,,,,,,,,,,,,,,,,,,
181,1,000011,80,80,,80,80,0,0,0,0,0,09/2023,0,0,,0,0,0,0,,,,,,0,0,0,0,41,0,0,0,,0,0,5933,0,0,0,0,0,0,0,,,,,,,,,,,0,0,99,99,0,,,1,,,,,,,,,,,,,,,,,,,,,,,,,,,
182,1,000003,712.5,712.5,,712.5,712.5,0,0,0,0,0,09/2023,0,0,,0,0,0,0,,,,,,0,0,0,0,41,0,0,0,,0,0,5933,0,0,0,0,0,0,0,,,,,,,,,,,0,0,99,99,0,,,1,,,,,,,,,,,,,,,,,,,,,,,,,,,
183,1,000004,269514.52,269514.52,,269514.52,269514.52,0,0,0,0,0,09/2023,0,0,,0,0,0,0,,,,,,0,0,0,0,41,0,0,0,,0,0,5933,0,0,0,0,0,0,0,,,,,,,,,,,0,0,99,99,0,,,1,,,,,,,,,,,,,,,,,,,,,,,,,,,
185,1,000004,266.8,266.8,,266.8,266.8,0,0,0,0,0,09/2023,0,0,,0,0,0,0,,,,,,0,0,0,0,41,0,0,0,,0,0,5933,0,0,0,0,0,0,0,,,,,,,,,,,0,0,99,99,0,,,1,,,,,,,,,,,,,,,,,,,,,,,,,,,
186,1,000006,400,400,,400,400,0,0,0,0,0,09/2023,0,0,,0,0,0,0,,,,,,0,0,0,0,41,0,0,0,,0,0,5933,0,0,0,0,0,0,0,,,,,,,,,,,0,0,99,99,0,,,1,,,,,,,,,,,,,,,,,,,,,,,,,,,
187,1,000003,2295,2295,,2295,2295,0,0,0,0,0,09/2023,0,0,,0,0,0,0,,,,,,0,0,0,0,41,0,0,0,,0,0,5933,0,0,0,0,0,0,0,,,,,,,,,,,0,0,99,99,0,,,1,,,,,,,,,,,,,,,,,,,,,,,,,,,
188,1,000004,812.5,812.5,,812.5,812.5,0,0,0,0,0,09/2023,0,0,,0,0,0,0,,,,,,0,0,0,0,41,0,0,0,,0,0,5933,0,0,0,0,0,0,0,,,,,,,,,,,0,0,99,99,0,,,1,,,,,,,,,,,,,,,,,,,,,,,,,,,
189,1,000003,897,897,,897,897,0,0,0,0,0,09/2023,0,0,,0,0,0,0,,,,,,0,0,0,0,41,0,0,0,,0,0,5933,0,0,0,0,0,0,0,,,,,,,,,,,0,0,99,99,0,,,1,,,,,,,,,,,,,,,,,,,,,,,,,,,
190,1,000010,31.33,31.33,,31.33,31.33,0,0,0,0,0,09/2023,0,0,,0,0,0,0,,,,,,0,0,0,0,41,0,0,0,,0,0,5933,0,0,0,0,0,0,0,,,,,,,,,,,0,0,99,99,0,,,1,,,,,,,,,,,,,,,,,,,,,,,,,,,
191,1,000010,489.74,489.74,,489.74,489.74,0,0,0,0,0,09/2023,0,0,,0,0,0,0,,,,,,0,0,0,0,41,0,0,0,,0,0,5933,0,0,0,0,0,0,0,,,,,,,,,,,0,0,99,99,0,,,1,,,,,,,,,,,,,,,,,,,,,,,,,,,
192,1,000010,246.02,246.02,,246.02,246.02,0,0,0,0,0,09/2023,0,0,,0,0,0,0,,,,,,0,0,0,0,41,0,0,0,,0,0,5933,0,0,0,0,0,0,0,,,,,,,,,,,0,0,99,99,0,,,1,,,,,,,,,,,,,,,,,,,,,,,,,,,
193,1,000011,30,30,,30,30,0,0,0,0,0,09/2023,0,0,,0,0,0,0,,,,,,0,0,0,0,41,0,0,0,,0,0,5933,0,0,0,0,0,0,0,,,,,,,,,,,0,0,99,99,0,,,1,,,,,,,,,,,,,,,,,,,,,,,,,,,
194,1,000003,600,600,,600,600,0,0,0,0,0,09/2023,0,0,,0,0,0,0,,,,,,0,0,0,0,41,0,0,0,,0,0,5933,0,0,0,0,0,0,0,,,,,,,,,,,0,0,99,99,0,,,1,,,,,,,,,,,,,,,,,,,,,,,,,,,
195,1,000003,1300,1300,,1300,1300,0,0,0,0,0,09/2023,0,0,,0,0,0,0,,,,,,0,0,0,0,41,0,0,0,,0,0,5933,0,0,0,0,0,0,0,,,,,,,,,,,0,0,99,99,0,,,1,,,,,,,,,,,,,,,,,,,,,,,,,,,
196,1,000011,2,2,,2,2,0,0,0,0,0,09/2023,0,0,,0,0,0,0,,,,,,0,0,0,0,41,0,0,0,,0,0,5933,0,0,0,0,0,0,0,,,,,,,,,,,0,0,99,99,0,,,1,,,,,,,,,,,,,,,,,,,,,,,,,,,
197,1,000010,0.98,0.98,,0.98,0.98,0,0,0,0,0,09/2023,0,0,,0,0,0,0,,,,,,0,0,0,0,41,0,0,0,,0,0,5933,0,0,0,0,0,0,0,,,,,,,,,,,0,0,99,99,0,,,1,,,,,,,,,,,,,,,,,,,,,,,,,,,
198,1,000011,40,40,,40,40,0,0,0,0,0,09/2023,0,0,,0,0,0,0,,,,,,0,0,0,0,41,0,0,0,,0,0,5933,0,0,0,0,0,0,0,,,,,,,,,,,0,0,99,99,0,,,1,,,,,,,,,,,,,,,,,,,,,,,,,,,
199,1,000011,40,40,,40,40,0,0,0,0,0,09/2023,0,0,,0,0,0,0,,,,,,0,0,0,0,41,0,0,0,,0,0,5933,0,0,0,0,0,0,0,,,,,,,,,,,0,0,99,99,0,,,1,,,,,,,,,,,,,,,,,,,,,,,,,,,
200,1,000011,120,120,,120,120,0,0,0,0,0,09/2023,0,0,,0,0,0,0,,,,,,0,0,0,0,41,0,0,0,,0,0,5933,0,0,0,0,0,0,0,,,,,,,,,,,0,0,99,99,0,,,1,,,,,,,,,,,,,,,,,,,,,,,,,,,
201,1,000011,30,30,,30,30,0,0,0,0,0,09/2023,0,0,,0,0,0,0,,,,,,0,0,0,0,41,0,0,0,,0,0,5933,0,0,0,0,0,0,0,,,,,,,,,,,0,0,99,99,0,,,1,,,,,,,,,,,,,,,,,,,,,,,,,,,
202,1,000011,278,278,,278,278,0,0,0,0,0,09/2023,0,0,,0,0,0,0,,,,,,0,0,0,0,41,0,0,0,,0,0,5933,0,0,0,0,0,0,0,,,,,,,,,,,0,0,99,99,0,,,1,,,,,,,,,,,,,,,,,,,,,,,,,,,
203,1,000011,30,30,,30,30,0,0,0,0,0,09/2023,0,0,,0,0,0,0,,,,,,0,0,0,0,41,0,0,0,,0,0,5933,0,0,0,0,0,0,0,,,,,,,,,,,0,0,99,99,0,,,1,,,,,,,,,,,,,,,,,,,,,,,,,,,
204,1,000011,30,30,,30,30,0,0,0,0,0,09/2023,0,0,,0,0,0,0,,,,,,0,0,0,0,41,0,0,0,,0,0,5933,0,0,0,0,0,0,0,,,,,,,,,,,0,0,99,99,0,,,1,,,,,,,,,,,,,,,,,,,,,,,,,,,
205,1,000002,600,600,,600,600,0,0,0,0,0,09/2023,0,0,,0,0,0,0,,,,,,0,0,0,0,41,0,0,0,99999999,0,0,5933,0,0,0,0,0,0,0,,,,,,,,,,,0,0,99,99,0,,,1,,,,,,,,,,,,,,,,,,,,,,,,,,,
206,1,000012,30,30,,30,30,0,0,0,0,0,09/2023,0,0,,0,0,0,0,,,,,,0,0,0,0,41,0,0,0,,0,0,5933,0,0,0,0,0,0,0,,,,,,,,,,,0,0,99,99,0,,,1,,,,,,,,,,,,,,,,,,,,,,,,,,,
207,1,000012,30,30,,30,30,0,0,0,0,0,09/2023,0,0,,0,0,0,0,,,,,,0,0,0,0,41,0,0,0,,0,0,5933,0,0,0,0,0,0,0,,,,,,,,,,,0,0,99,99,0,,,1,,,,,,,,,,,,,,,,,,,,,,,,,,,
208,1,000012,30,30,,30,30,0,0,0,0,0,09/2023,0,0,,0,0,0,0,,,,,,0,0,0,0,41,0,0,0,,0,0,5933,0,0,0,0,0,0,0,,,,,,,,,,,0,0,99,99,0,,,1,,,,,,,,,,,,,,,,,,,,,,,,,,,
209,1,000011,40,40,,40,40,0,0,0,0,0,09/2023,0,0,,0,0,0,0,,,,,,0,0,0,0,41,0,0,0,,0,0,5933,0,0,0,0,0,0,0,,,,,,,,,,,0,0,99,99,0,,,1,,,,,,,,,,,,,,,,,,,,,,,,,,,
210,1,000012,30,30,,30,30,0,0,0,0,0,09/2023,0,0,,0,0,0,0,,,,,,0,0,0,0,41,0,0,0,,0,0,5933,0,0,0,0,0,0,0,,,,,,,,,,,0,0,99,99,0,,,1,,,,,,,,,,,,,,,,,,,,,,,,,,,
211,1,000012,60,60,,60,60,0,0,0,0,0,09/2023,0,0,,0,0,0,0,,,,,,0,0,0,0,41,0,0,0,,0,0,5933,0,0,0,0,0,0,0,,,,,,,,,,,0,0,99,99,0,,,1,,,,,,,,,,,,,,,,,,,,,,,,,,,
212,1,000004,1100,1100,,1100,1100,0,0,0,0,0,09/2023,0,0,,0,0,0,0,,,,,,0,0,0,0,41,0,0,0,,0,0,5933,0,0,0,0,0,0,0,,,,,,,,,,,0,0,99,99,0,,,1,,,,,,,,,,,,,,,,,,,,,,,,,,,
213,1,000012,30,30,,30,30,0,0,0,0,0,09/2023,0,0,,0,0,0,0,,,,,,0,0,0,0,41,0,0,0,,0,0,5933,0,0,0,0,0,0,0,,,,,,,,,,,0,0,99,99,0,,,1,,,,,,,,,,,,,,,,,,,,,,,,,,,
214,1,000012,30,30,,30,30,0,0,0,0,0,09/2023,0,0,,0,0,0,0,,,,,,0,0,0,0,41,0,0,0,,0,0,5933,0,0,0,0,0,0,0,,,,,,,,,,,0,0,99,99,0,,,1,,,,,,,,,,,,,,,,,,,,,,,,,,,
215,1,000012,30,30,,30,30,0,0,0,0,0,09/2023,0,0,,0,0,0,0,,,,,,0,0,0,0,41,0,0,0,,0,0,5933,0,0,0,0,0,0,0,,,,,,,,,,,0,0,99,99,0,,,1,,,,,,,,,,,,,,,,,,,,,,,,,,,
216,1,000012,30,30,,30,30,0,0,0,0,0,09/2023,0,0,,0,0,0,0,,,,,,0,0,0,0,41,0,0,0,,0,0,5933,0,0,0,0,0,0,0,,,,,,,,,,,0,0,99,99,0,,,1,,,,,,,,,,,,,,,,,,,,,,,,,,,
217,1,000012,30,30,,30,30,0,0,0,0,0,09/2023,0,0,,0,0,0,0,,,,,,0,0,0,0,41,0,0,0,,0,0,5933,0,0,0,0,0,0,0,,,,,,,,,,,0,0,99,99,0,,,1,,,,,,,,,,,,,,,,,,,,,,,,,,,
218,1,000012,30,30,,30,30,0,0,0,0,0,09/2023,0,0,,0,0,0,0,,,,,,0,0,0,0,41,0,0,0,,0,0,5933,0,0,0,0,0,0,0,,,,,,,,,,,0,0,99,99,0,,,1,,,,,,,,,,,,,,,,,,,,,,,,,,,
219,1,000012,30,30,,30,30,0,0,0,0,0,09/2023,0,0,,0,0,0,0,,,,,,0,0,0,0,41,0,0,0,,0,0,5933,0,0,0,0,0,0,0,,,,,,,,,,,0,0,99,99,0,,,1,,,,,,,,,,,,,,,,,,,,,,,,,,,
220,1,000012,30,30,,30,30,0,0,0,0,0,09/2023,0,0,,0,0,0,0,,,,,,0,0,0,0,41,0,0,0,,0,0,5933,0,0,0,0,0,0,0,,,,,,,,,,,0,0,99,99,0,,,1,,,,,,,,,,,,,,,,,,,,,,,,,,,
221,1,000012,30,30,,30,30,0,0,0,0,0,09/2023,0,0,,0,0,0,0,,,,,,0,0,0,0,41,0,0,0,,0,0,5933,0,0,0,0,0,0,0,,,,,,,,,,,0,0,99,99,0,,,1,,,,,,,,,,,,,,,,,,,,,,,,,,,
222,1,000012,30,30,,30,30,0,0,0,0,0,09/2023,0,0,,0,0,0,0,,,,,,0,0,0,0,41,0,0,0,,0,0,5933,0,0,0,0,0,0,0,,,,,,,,,,,0,0,99,99,0,,,1,,,,,,,,,,,,,,,,,,,,,,,,,,,
223,1,000012,30,30,,30,30,0,0,0,0,0,09/2023,0,0,,0,0,0,0,,,,,,0,0,0,0,41,0,0,0,,0,0,5933,0,0,0,0,0,0,0,,,,,,,,,,,0,0,99,99,0,,,1,,,,,,,,,,,,,,,,,,,,,,,,,,,
224,1,000012,30,30,,30,30,0,0,0,0,0,09/2023,0,0,,0,0,0,0,,,,,,0,0,0,0,41,0,0,0,,0,0,5933,0,0,0,0,0,0,0,,,,,,,,,,,0,0,99,99,0,,,1,,,,,,,,,,,,,,,,,,,,,,,,,,,
225,1,000012,30,30,,30,30,0,0,0,0,0,09/2023,0,0,,0,0,0,0,,,,,,0,0,0,0,41,0,0,0,,0,0,5933,0,0,0,0,0,0,0,,,,,,,,,,,0,0,99,99,0,,,1,,,,,,,,,,,,,,,,,,,,,,,,,,,
226,1,000011,40,40,,40,40,0,0,0,0,0,09/2023,0,0,,0,0,0,0,,,,,,0,0,0,0,41,0,0,0,,0,0,5933,0,0,0,0,0,0,0,,,,,,,,,,,0,0,99,99,0,,,1,,,,,,,,,,,,,,,,,,,,,,,,,,,
227,1,000008,1097,1097,,1097,1097,0,0,0,0,0,09/2023,0,0,,0,0,0,0,,,,,,0,0,0,0,41,0,0,0,,0,0,5933,0,0,0,0,0,0,0,,,,,,,,,,,0,0,99,99,0,,,1,,,,,,,,,,,,,,,,,,,,,,,,,,,
228,1,000006,290,290,,290,290,0,0,0,0,0,09/2023,0,0,,0,0,0,0,,,,,,0,0,0,0,41,0,0,0,,0,0,5933,0,0,0,0,0,0,0,,,,,,,,,,,0,0,99,99,0,,,1,,,,,,,,,,,,,,,,,,,,,,,,,,,
229,1,000012,30,30,,30,30,0,0,0,0,0,09/2023,0,0,,0,0,0,0,,,,,,0,0,0,0,41,0,0,0,,0,0,5933,0,0,0,0,0,0,0,,,,,,,,,,,0,0,99,99,0,,,1,,,,,,,,,,,,,,,,,,,,,,,,,,,
230,1,000012,30,30,,30,30,0,0,0,0,0,09/2023,0,0,,0,0,0,0,,,,,,0,0,0,0,41,0,0,0,,0,0,5933,0,0,0,0,0,0,0,,,,,,,,,,,0,0,99,99,0,,,1,,,,,,,,,,,,,,,,,,,,,,,,,,,
231,1,000012,30,30,,30,30,0,0,0,0,0,09/2023,0,0,,0,0,0,0,,,,,,0,0,0,0,41,0,0,0,,0,0,5933,0,0,0,0,0,0,0,,,,,,,,,,,0,0,99,99,0,,,1,,,,,,,,,,,,,,,,,,,,,,,,,,,
232,1,000012,30,30,,30,30,0,0,0,0,0,09/2023,0,0,,0,0,0,0,,,,,,0,0,0,0,41,0,0,0,,0,0,5933,0,0,0,0,0,0,0,,,,,,,,,,,0,0,99,99,0,,,1,,,,,,,,,,,,,,,,,,,,,,,,,,,
233,1,000012,30,30,,30,30,0,0,0,0,0,09/2023,0,0,,0,0,0,0,,,,,,0,0,0,0,41,0,0,0,,0,0,5933,0,0,0,0,0,0,0,,,,,,,,,,,0,0,99,99,0,,,1,,,,,,,,,,,,,,,,,,,,,,,,,,,
234,1,000012,30,30,,30,30,0,0,0,0,0,09/2023,0,0,,0,0,0,0,,,,,,0,0,0,0,41,0,0,0,,0,0,5933,0,0,0,0,0,0,0,,,,,,,,,,,0,0,99,99,0,,,1,,,,,,,,,,,,,,,,,,,,,,,,,,,
235,1,000012,30,30,,30,30,0,0,0,0,0,09/2023,0,0,,0,0,0,0,,,,,,0,0,0,0,41,0,0,0,,0,0,5933,0,0,0,0,0,0,0,,,,,,,,,,,0,0,99,99,0,,,1,,,,,,,,,,,,,,,,,,,,,,,,,,,
236,1,000003,786.25,786.25,,786.25,786.25,0,0,0,0,0,09/2023,0,0,,0,0,0,0,,,,,,0,0,0,0,41,0,0,0,,0,0,5933,0,0,0,0,0,0,0,,,,,,,,,,,0,0,99,99,0,,,1,,,,,,,,,,,,,,,,,,,,,,,,,,,
237,1,000012,30,30,,30,30,0,0,0,0,0,09/2023,0,0,,0,0,0,0,,,,,,0,0,0,0,41,0,0,0,,0,0,5933,0,0,0,0,0,0,0,,,,,,,,,,,0,0,99,99,0,,,1,,,,,,,,,,,,,,,,,,,,,,,,,,,
238,1,000012,30,30,,30,30,0,0,0,0,0,09/2023,0,0,,0,0,0,0,,,,,,0,0,0,0,41,0,0,0,,0,0,5933,0,0,0,0,0,0,0,,,,,,,,,,,0,0,99,99,0,,,1,,,,,,,,,,,,,,,,,,,,,,,,,,,
239,1,000012,30,30,,30,30,0,0,0,0,0,09/2023,0,0,,0,0,0,0,,,,,,0,0,0,0,41,0,0,0,,0,0,5933,0,0,0,0,0,0,0,,,,,,,,,,,0,0,99,99,0,,,1,,,,,,,,,,,,,,,,,,,,,,,,,,,
240,1,000012,30,30,,30,30,0,0,0,0,0,09/2023,0,0,,0,0,0,0,,,,,,0,0,0,0,41,0,0,0,,0,0,5933,0,0,0,0,0,0,0,,,,,,,,,,,0,0,99,99,0,,,1,,,,,,,,,,,,,,,,,,,,,,,,,,,
241,1,000012,30,30,,30,30,0,0,0,0,0,09/2023,0,0,,0,0,0,0,,,,,,0,0,0,0,41,0,0,0,,0,0,5933,0,0,0,0,0,0,0,,,,,,,,,,,0,0,99,99,0,,,1,,,,,,,,,,,,,,,,,,,,,,,,,,,
242,1,000012,30,30,,30,30,0,0,0,0,0,09/2023,0,0,,0,0,0,0,,,,,,0,0,0,0,41,0,0,0,,0,0,5933,0,0,0,0,0,0,0,,,,,,,,,,,0,0,99,99,0,,,1,,,,,,,,,,,,,,,,,,,,,,,,,,,
243,1,000012,30,30,,30,30,0,0,0,0,0,09/2023,0,0,,0,0,0,0,,,,,,0,0,0,0,41,0,0,0,,0,0,5933,0,0,0,0,0,0,0,,,,,,,,,,,0,0,99,99,0,,,1,,,,,,,,,,,,,,,,,,,,,,,,,,,
244,1,000012,60,60,,60,60,0,0,0,0,0,09/2023,0,0,,0,0,0,0,,,,,,0,0,0,0,41,0,0,0,,0,0,5933,0,0,0,0,0,0,0,,,,,,,,,,,0,0,99,99,0,,,1,,,,,,,,,,,,,,,,,,,,,,,,,,,
245,1,000012,30,30,,30,30,0,0,0,0,0,09/2023,0,0,,0,0,0,0,,,,,,0,0,0,0,41,0,0,0,,0,0,5933,0,0,0,0,0,0,0,,,,,,,,,,,0,0,99,99,0,,,1,,,,,,,,,,,,,,,,,,,,,,,,,,,
246,1,000012,30,30,,30,30,0,0,0,0,0,09/2023,0,0,,0,0,0,0,,,,,,0,0,0,0,41,0,0,0,,0,0,5933,0,0,0,0,0,0,0,,,,,,,,,,,0,0,99,99,0,,,1,,,,,,,,,,,,,,,,,,,,,,,,,,,
247,1,000012,30,30,,30,30,0,0,0,0,0,09/2023,0,0,,0,0,0,0,,,,,,0,0,0,0,41,0,0,0,,0,0,5933,0,0,0,0,0,0,0,,,,,,,,,,,0,0,99,99,0,,,1,,,,,,,,,,,,,,,,,,,,,,,,,,,
248,1,000012,30,30,,30,30,0,0,0,0,0,09/2023,0,0,,0,0,0,0,,,,,,0,0,0,0,41,0,0,0,,0,0,5933,0,0,0,0,0,0,0,,,,,,,,,,,0,0,99,99,0,,,1,,,,,,,,,,,,,,,,,,,,,,,,,,,
249,1,000006,374.81,374.81,,374.81,374.81,0,0,0,0,0,09/2023,0,0,,0,0,0,0,,,,,,0,0,0,0,41,0,0,0,,0,0,5933,0,0,0,0,0,0,0,,,,,,,,,,,0,0,99,99,0,,,1,,,,,,,,,,,,,,,,,,,,,,,,,,,
250,1,000004,515.2,515.2,,515.2,515.2,0,0,0,0,0,09/2023,0,0,,0,0,0,0,,,,,,0,0,0,0,41,0,0,0,,0,0,5933,0,0,0,0,0,0,0,,,,,,,,,,,0,0,99,99,0,,,1,,,,,,,,,,,,,,,,,,,,,,,,,,,
251,1,000004,515.2,515.2,,515.2,515.2,0,0,0,0,0,09/2023,0,0,,0,0,0,0,,,,,,0,0,0,0,41,0,0,0,,0,0,5933,0,0,0,0,0,0,0,,,,,,,,,,,0,0,99,99,0,,,1,,,,,,,,,,,,,,,,,,,,,,,,,,,
252,1,000004,462.01,462.01,,462.01,462.01,0,0,0,0,0,09/2023,0,0,,0,0,0,0,,,,,,0,0,0,0,41,0,0,0,,0,0,5933,0,0,0,0,0,0,0,,,,,,,,,,,0,0,99,99,0,,,1,,,,,,,,,,,,,,,,,,,,,,,,,,,
253,1,000004,261.29,261.29,,261.29,261.29,0,0,0,0,0,09/2023,0,0,,0,0,0,0,,,,,,0,0,0,0,41,0,0,0,,0,0,5933,0,0,0,0,0,0,0,,,,,,,,,,,0,0,99,99,0,,,1,,,,,,,,,,,,,,,,,,,,,,,,,,,
254,1,000004,882.75,882.75,,882.75,882.75,0,0,0,0,0,09/2023,0,0,,0,0,0,0,,,,,,0,0,0,0,41,0,0,0,,0,0,5933,0,0,0,0,0,0,0,,,,,,,,,,,0,0,99,99,0,,,1,,,,,,,,,,,,,,,,,,,,,,,,,,,
255,1,000004,472,472,,472,472,0,0,0,0,0,09/2023,0,0,,0,0,0,0,,,,,,0,0,0,0,41,0,0,0,,0,0,5933,0,0,0,0,0,0,0,,,,,,,,,,,0,0,99,99,0,,,1,,,,,,,,,,,,,,,,,,,,,,,,,,,
256,1,000012,30,30,,30,30,0,0,0,0,0,09/2023,0,0,,0,0,0,0,,,,,,0,0,0,0,41,0,0,0,,0,0,5933,0,0,0,0,0,0,0,,,,,,,,,,,0,0,99,99,0,,,1,,,,,,,,,,,,,,,,,,,,,,,,,,,
257,1,000012,30,30,,30,30,0,0,0,0,0,09/2023,0,0,,0,0,0,0,,,,,,0,0,0,0,41,0,0,0,,0,0,5933,0,0,0,0,0,0,0,,,,,,,,,,,0,0,99,99,0,,,1,,,,,,,,,,,,,,,,,,,,,,,,,,,
258,1,000012,30,30,,30,30,0,0,0,0,0,09/2023,0,0,,0,0,0,0,,,,,,0,0,0,0,41,0,0,0,,0,0,5933,0,0,0,0,0,0,0,,,,,,,,,,,0,0,99,99,0,,,1,,,,,,,,,,,,,,,,,,,,,,,,,,,
259,1,000012,60,60,,60,60,0,0,0,0,0,09/2023,0,0,,0,0,0,0,,,,,,0,0,0,0,41,0,0,0,,0,0,5933,0,0,0,0,0,0,0,,,,,,,,,,,0,0,99,99,0,,,1,,,,,,,,,,,,,,,,,,,,,,,,,,,
260,1,000012,30,30,,30,30,0,0,0,0,0,09/2023,0,0,,0,0,0,0,,,,,,0,0,0,0,41,0,0,0,,0,0,5933,0,0,0,0,0,0,0,,,,,,,,,,,0,0,99,99,0,,,1,,,,,,,,,,,,,,,,,,,,,,,,,,,
261,1,000012,30,30,,30,30,0,0,0,0,0,09/2023,0,0,,0,0,0,0,,,,,,0,0,0,0,41,0,0,0,,0,0,5933,0,0,0,0,0,0,0,,,,,,,,,,,0,0,99,99,0,,,1,,,,,,,,,,,,,,,,,,,,,,,,,,,
262,1,000012,30,30,,30,30,0,0,0,0,0,09/2023,0,0,,0,0,0,0,,,,,,0,0,0,0,41,0,0,0,,0,0,5933,0,0,0,0,0,0,0,,,,,,,,,,,0,0,99,99,0,,,1,,,,,,,,,,,,,,,,,,,,,,,,,,,
263,1,000012,30,30,,30,30,0,0,0,0,0,09/2023,0,0,,0,0,0,0,,,,,,0,0,0,0,41,0,0,0,,0,0,5933,0,0,0,0,0,0,0,,,,,,,,,,,0,0,99,99,0,,,1,,,,,,,,,,,,,,,,,,,,,,,,,,,
264,1,000012,30,30,,30,30,0,0,0,0,0,09/2023,0,0,,0,0,0,0,,,,,,0,0,0,0,41,0,0,0,,0,0,5933,0,0,0,0,0,0,0,,,,,,,,,,,0,0,99,99,0,,,1,,,,,,,,,,,,,,,,,,,,,,,,,,,
265,1,000010,180.89,180.89,,180.89,180.89,0,0,0,0,0,09/2023,0,0,,0,0,0,0,,,,,,0,0,0,0,41,0,0,0,,0,0,5933,0,0,0,0,0,0,0,,,,,,,,,,,0,0,99,99,0,,,1,,,,,,,,,,,,,,,,,,,,,,,,,,,
266,1,000011,40,40,,40,40,0,0,0,0,0,09/2023,0,0,,0,0,0,0,,,,,,0,0,0,0,41,0,0,0,,0,0,5933,0,0,0,0,0,0,0,,,,,,,,,,,0,0,99,99,0,,,1,,,,,,,,,,,,,,,,,,,,,,,,,,,
267,1,000004,200,200,,200,200,0,0,0,0,0,09/2023,0,0,,0,0,0,0,,,,,,0,0,0,0,41,0,0,0,,0,0,5933,0,0,0,0,0,0,0,,,,,,,,,,,0,0,99,99,0,,,1,,,,,,,,,,,,,,,,,,,,,,,,,,,
268,1,000003,702.18,702.18,,702.18,702.18,0,0,0,0,0,09/2023,0,0,,0,0,0,0,,,,,,0,0,0,0,41,0,0,0,,0,0,5933,0,0,0,0,0,0,0,,,,,,,,,,,0,0,99,99,0,,,1,,,,,,,,,,,,,,,,,,,,,,,,,,,
269,1,000012,30,30,,30,30,0,0,0,0,0,09/2023,0,0,,0,0,0,0,,,,,,0,0,0,0,41,0,0,0,,0,0,5933,0,0,0,0,0,0,0,,,,,,,,,,,0,0,99,99,0,,,1,,,,,,,,,,,,,,,,,,,,,,,,,,,
